pais,ciudad,ciudad_identificada,lat,lon,fuente_coord
ARG,AZUL,Azul,-36.77803,-59.85848,GeoNames (geonamescache)
ARG,BAHIA BLANCA,Bahía Blanca,-38.7176,-62.26545,GeoNames (geonamescache)
ARG,BALCARCE,Balcarce,-37.84638,-58.25549,GeoNames (geonamescache)
ARG,CAMPANA,Campana,-34.16327,-58.95919,GeoNames (geonamescache)
ARG,CAPITAL,,,,sin identificar
ARG,CAPITAL FEDERAL,Buenos Aires,-34.6037,-58.3816,manual
ARG,COMODORO RIVADAVIA,Comodoro Rivadavia,-45.86256,-67.494,GeoNames (geonamescache)
ARG,CORONEL SUAREZ,Coronel Suárez,-37.45859,-61.93294,GeoNames (geonamescache)
ARG,DEVOTO,Devoto (Córdoba),-31.4039,-62.3061,manual
ARG,DOLORES,Dolores,-36.31539,-57.67546,GeoNames (geonamescache)
ARG,EL DORADO,Eldorado (Misiones),-26.4009,-54.6156,manual
ARG,GUAYMALLEN,Guaymallén,-32.8833,-68.7833,manual
ARG,HERNANDO,Hernando,-32.4266,-63.7331,manual
ARG,LA PLATA,La Plata,-34.92126,-57.95442,GeoNames (geonamescache)
ARG,LA RIOJA,La Rioja,-29.41328,-66.85637,GeoNames (geonamescache)
ARG,LOBOS,Lobos,-35.18537,-59.09788,GeoNames (geonamescache)
ARG,LOMAS DE ZAMORA,Lomas de Zamora,-34.7574,-58.40279,GeoNames (geonamescache)
ARG,MORENO,Moreno,-34.63401,-58.79138,GeoNames (geonamescache)
ARG,NEUQUEN,Neuquén,-38.95078,-68.0592,GeoNames (geonamescache)
ARG,PERGAMINO,Pergamino,-33.89101,-60.57462,GeoNames (geonamescache)
ARG,POSADAS,Posadas,-27.39184,-55.92379,GeoNames (geonamescache)
ARG,RAFAELA,Rafaela,-31.25285,-61.49078,GeoNames (geonamescache)
ARG,RAMOS MEJIA,Ramos Mejía,-34.65,-58.5667,manual
ARG,RESISTENCIA,Resistencia,-27.46363,-58.98665,GeoNames (geonamescache)
ARG,RIO GALLEGOS,Río Gallegos,-51.6253,-69.25229,GeoNames (geonamescache)
ARG,ROSARIO,Rosario,-32.94682,-60.63932,GeoNames (geonamescache)
ARG,SALTA,Salta,-24.80645,-65.41999,GeoNames (geonamescache)
ARG,SAN JOSE DE LA ESQUINA,San José de la Esquina,-33.1145,-61.7033,manual
ARG,SAN LUIS,San Luis,-33.2914,-66.32467,GeoNames (geonamescache)
ARG,SAN RAFAEL,San Rafael,-34.61531,-68.33238,GeoNames (geonamescache)
ARG,SANTA FE,Santa Fe,-31.64881,-60.70868,GeoNames (geonamescache)
ARG,SANTIAGO DEL ESTERO,Santiago del Estero,-27.80047,-64.26285,GeoNames (geonamescache)
ARG,SARANDI,Sarandí,-34.68161,-58.34639,GeoNames (geonamescache)
ARG,TIGRE,Tigre,-34.42603,-58.57962,GeoNames (geonamescache)
ARG,TRELEW,Trelew,-43.24895,-65.30505,GeoNames (geonamescache)
ARG,VICTORIA,Victoria,-32.61841,-60.15478,GeoNames (geonamescache)
ARG,YERBA BUENA,Yerba Buena,-26.81298,-65.29543,GeoNames (geonamescache)
BRA,AMERICANA,Americana,-22.73917,-47.33139,GeoNames (geonamescache)
BRA,ANAPOLIS,Anápolis,-16.32667,-48.95278,GeoNames (geonamescache)
BRA,ARACAJU,Aracaju,-10.91111,-37.07167,GeoNames (geonamescache)
BRA,ARAGUAINA,Araguaína,-7.19111,-48.20722,GeoNames (geonamescache)
BRA,ARIQUEMES,Ariquemes,-9.91333,-63.04083,GeoNames (geonamescache)
BRA,BARREIRAS,Barreiras,-12.15278,-44.99,GeoNames (geonamescache)
BRA,BAURU,Bauru,-22.31472,-49.06056,GeoNames (geonamescache)
BRA,BELEM,Belém,-1.45583,-48.50444,GeoNames (geonamescache)
BRA,BELO HORIZONTE,Belo Horizonte,-19.92083,-43.93778,GeoNames (geonamescache)
BRA,BLUMENAU,Blumenau,-26.91944,-49.06611,GeoNames (geonamescache)
BRA,BOA VISTA,Boa Vista,2.81972,-60.67333,GeoNames (geonamescache)
BRA,BRASILIA,Brasília,-15.77972,-47.92972,GeoNames (geonamescache)
BRA,CACOAL,Cacoal,-11.43861,-61.44722,GeoNames (geonamescache)
BRA,CAMPINAS,Campinas,-22.90556,-47.06083,GeoNames (geonamescache)
BRA,CAMPO GRANDE,Campo Grande,-20.44278,-54.64639,GeoNames (geonamescache)
BRA,CAMPO MOURAO,Campo Mourão,-24.04309,-52.37929,GeoNames (geonamescache)
BRA,CARIACICA,Cariacica,-20.26389,-40.42,GeoNames (geonamescache)
BRA,CARUARU,Caruaru,-8.28333,-35.97611,GeoNames (geonamescache)
BRA,CASCAVEL,Cascavel,-24.95583,-53.45528,GeoNames (geonamescache)
BRA,CATALAO,Catalão,-18.16583,-47.94639,GeoNames (geonamescache)
BRA,CAXIAS DO SUL,Caxias do Sul,-29.16806,-51.17944,GeoNames (geonamescache)
BRA,CHAPADAO DO SUL,Chapadão do Sul,-18.79417,-52.62278,GeoNames (geonamescache)
BRA,CHAPECO,Chapecó,-27.09639,-52.61833,GeoNames (geonamescache)
BRA,COLATINA,Colatina,-19.53944,-40.63056,GeoNames (geonamescache)
BRA,CUIABA,Cuiabá,-15.59611,-56.09667,GeoNames (geonamescache)
BRA,CURITIBA,Curitiba,-25.42778,-49.27306,GeoNames (geonamescache)
BRA,DOURADOS,Dourados,-22.22111,-54.80556,GeoNames (geonamescache)
BRA,FEIRA DE SANTANA,Feira de Santana,-12.26667,-38.96667,GeoNames (geonamescache)
BRA,FORTALEZA,Fortaleza,-3.71722,-38.54306,GeoNames (geonamescache)
BRA,FOZ DO IGUACU,Foz do Iguaçu,-25.54778,-54.58806,GeoNames (geonamescache)
BRA,FREDERICO WESTPHALEN,Frederico Westphalen,-27.35917,-53.39444,GeoNames (geonamescache)
BRA,GOIANIA,Goiânia,-16.67861,-49.25389,GeoNames (geonamescache)
BRA,GOVERNADOR VALADARES,Governador Valadares,-18.85111,-41.94944,GeoNames (geonamescache)
BRA,GUARAPUAVA,Guarapuava,-25.39048,-51.46541,GeoNames (geonamescache)
BRA,IJUI,Ijuí,-28.38778,-53.91472,GeoNames (geonamescache)
BRA,IMPERATRIZ,Imperatriz,-5.52639,-47.49167,GeoNames (geonamescache)
BRA,ITABUNA,Itabuna,-14.78556,-39.28028,GeoNames (geonamescache)
BRA,ITAJAI,Itajaí,-26.90778,-48.66194,GeoNames (geonamescache)
BRA,JARAGUA DO SUL,Jaraguá do Sul,-26.48611,-49.06667,GeoNames (geonamescache)
BRA,JATAI,Jataí,-17.87939,-51.72166,GeoNames (geonamescache)
BRA,JI-PARANA,Ji-Paraná,-10.8777,-61.9322,manual
BRA,JOAO PESSOA,João Pessoa,-7.115,-34.86306,GeoNames (geonamescache)
BRA,JOINVILLE,Joinville,-26.30444,-48.84556,GeoNames (geonamescache)
BRA,JUIZ DE FORA,Juiz de Fora,-21.76417,-43.35028,GeoNames (geonamescache)
BRA,JUNDIAI,Jundiaí,-23.18639,-46.88417,GeoNames (geonamescache)
BRA,LAJEADO,Lajeado (RS),-29.4669,-51.9614,manual
BRA,LINHARES,Linhares,-19.39111,-40.07222,GeoNames (geonamescache)
BRA,LONDRINA,Londrina,-23.31028,-51.16278,GeoNames (geonamescache)
BRA,MACAPA,Macapá,0.03889,-51.06639,GeoNames (geonamescache)
BRA,MACEIO,Maceió,-9.66583,-35.73528,GeoNames (geonamescache)
BRA,MANAUS,Manaus,-3.10194,-60.025,GeoNames (geonamescache)
BRA,MARABA,Marabá,-5.38146,-49.13232,GeoNames (geonamescache)
BRA,MARINGA,Maringá,-23.42528,-51.93861,GeoNames (geonamescache)
BRA,MONTES CLAROS,Montes Claros,-16.735,-43.86167,GeoNames (geonamescache)
BRA,NOVA ANDRADINA,Nova Andradina,-22.23333,-53.34306,GeoNames (geonamescache)
BRA,NOVO HAMBURGO,Novo Hamburgo,-29.67833,-51.13056,GeoNames (geonamescache)
BRA,PALMAS,Palmas,-10.16745,-48.32766,GeoNames (geonamescache)
BRA,PARANAVAI,Paranavaí,-23.07306,-52.46528,GeoNames (geonamescache)
BRA,PARNAMIRIM,Parnamirim,-5.91556,-35.26278,GeoNames (geonamescache)
BRA,PASSO FUNDO,Passo Fundo,-28.26278,-52.40667,GeoNames (geonamescache)
BRA,PATO BRANCO,Pato Branco,-26.22861,-52.67056,GeoNames (geonamescache)
BRA,PIRACICABA,Piracicaba,-22.72528,-47.64917,GeoNames (geonamescache)
BRA,POCOS DE CALDAS,Poços de Caldas,-21.78778,-46.56139,GeoNames (geonamescache)
BRA,PONTA GROSSA,Ponta Grossa,-25.095,-50.16194,GeoNames (geonamescache)
BRA,PORTO ALEGRE,Porto Alegre,-30.03283,-51.23019,GeoNames (geonamescache)
BRA,PORTO VELHO,Porto Velho,-8.76194,-63.90389,GeoNames (geonamescache)
BRA,PRESIDENTE PRUDENTE,Presidente Prudente,-22.12556,-51.38889,GeoNames (geonamescache)
BRA,RECIFE,Recife,-8.05389,-34.88111,GeoNames (geonamescache)
BRA,RIBEIRAO PRETO,Ribeirão Preto,-21.1775,-47.81028,GeoNames (geonamescache)
BRA,RIO BRANCO,Rio Branco,-9.97472,-67.81,GeoNames (geonamescache)
BRA,RIO DO SUL,Rio do Sul,-27.21417,-49.64306,GeoNames (geonamescache)
BRA,RIO VERDE,Rio Verde,-17.79806,-50.92806,GeoNames (geonamescache)
BRA,RONDONOPOLIS,Rondonópolis,-16.47083,-54.63556,GeoNames (geonamescache)
BRA,SALVADOR,Salvador,-12.97563,-38.49096,GeoNames (geonamescache)
BRA,SANTA CRUZ DO SUL,Santa Cruz do Sul,-29.7175,-52.42583,GeoNames (geonamescache)
BRA,SANTA MARIA,Santa Maria,-29.68417,-53.80694,GeoNames (geonamescache)
BRA,SAO CAETANO DO SUL,São Caetano do Sul,-23.62306,-46.55111,GeoNames (geonamescache)
BRA,SAO JOSE DO RIO PRETO,São José do Rio Preto,-20.81972,-49.37944,GeoNames (geonamescache)
BRA,SAO JOSE DOS CAMPOS,São José dos Campos,-23.17944,-45.88694,GeoNames (geonamescache)
BRA,SAO LUIS,São Luís,-2.52972,-44.30278,GeoNames (geonamescache)
BRA,SAO PAULO,São Paulo,-23.5475,-46.63611,GeoNames (geonamescache)
BRA,SINOP,Sinop,-11.86417,-55.5025,GeoNames (geonamescache)
BRA,SOROCABA,Sorocaba,-23.50167,-47.45806,GeoNames (geonamescache)
BRA,SORRISO,Sorriso,-12.54528,-55.71139,GeoNames (geonamescache)
BRA,TANGARA DA SERRA,Tangará da Serra,-14.61944,-57.48583,GeoNames (geonamescache)
BRA,TERESINA,Teresina,-5.08917,-42.80194,GeoNames (geonamescache)
BRA,TRES LAGOAS,Três Lagoas,-20.78765,-51.70338,GeoNames (geonamescache)
BRA,UBERLANDIA,Uberlândia,-18.91861,-48.27722,GeoNames (geonamescache)
BRA,VILHENA,Vilhena,-12.74056,-60.14583,GeoNames (geonamescache)
BRA,VITORIA,Vitória,-20.31944,-40.33778,GeoNames (geonamescache)
BRA,VITORIA DA CONQUISTA,Vitória da Conquista,-14.86611,-40.83944,GeoNames (geonamescache)
CHL,PUNTA ARENAS,Punta Arenas,-53.16282,-70.90922,GeoNames (geonamescache)
CHL,SANTIAGO,Santiago,-33.45694,-70.64827,GeoNames (geonamescache)
COL,BARRANQUILLA,Barranquilla,10.96854,-74.78132,GeoNames (geonamescache)
COL,BOGOTA D.C.,Bogotá,4.711,-74.0721,manual
COL,BUCARAMANGA,Bucaramanga,7.125,-73.11895,GeoNames (geonamescache)
COL,CALI,Cali,3.43054,-76.5199,GeoNames (geonamescache)
COL,CARTAGENA,Cartagena,10.39817,-75.49328,GeoNames (geonamescache)
COL,CHIA,Chía,4.85876,-74.05866,GeoNames (geonamescache)
COL,CUCUTA,Cúcuta,7.90745,-72.5049,GeoNames (geonamescache)
COL,IBAGUE,Ibagué,4.43573,-75.20289,GeoNames (geonamescache)
COL,MANIZALES,Manizales,5.0668,-75.50684,GeoNames (geonamescache)
COL,MEDELLIN,Medellín,6.245,-75.57151,GeoNames (geonamescache)
COL,MONTERIA,Montería,8.75081,-75.87823,GeoNames (geonamescache)
COL,NEIVA,Neiva,2.93001,-75.27973,GeoNames (geonamescache)
COL,PASTO,Pasto,1.21456,-77.27846,GeoNames (geonamescache)
COL,PEREIRA,Pereira,4.81428,-75.69488,GeoNames (geonamescache)
COL,SANTA MARTA,Santa Marta,11.23855,-74.19427,GeoNames (geonamescache)
COL,VALLEDUPAR,Valledupar,10.46538,-73.2531,GeoNames (geonamescache)
COL,VILLAVICENCIO,Villavicencio,4.13238,-73.62564,GeoNames (geonamescache)
PER,AREQUIPA,Arequipa,-16.39899,-71.53747,GeoNames (geonamescache)
PER,CAJAMARCA,Cajamarca,-7.16378,-78.50027,GeoNames (geonamescache)
PER,HUANCAYO,Huancayo,-12.06866,-75.21027,GeoNames (geonamescache)
PER,LIMA,Lima,-12.04318,-77.02824,GeoNames (geonamescache)
PER,PIURA,Piura,-5.18192,-80.65715,GeoNames (geonamescache)
PRY,ASUNCION,Asunción,-25.28646,-57.647,GeoNames (geonamescache)
